{"file_hashes":[{"block_hashes":["yP6gbS5NlKmAxMrAhTiPwJlMVl9exqQL74/E5R2dMR0=","O6FWE8/NVv0KHosuUDDB/wUgKi9TsibsvgmgKfDI00Q="],"block_size":4096,"path":"background.js"},{"block_hashes":["g8adLLeOqDyPH37oxTDLe2yN4eIC/LDqgbixy5qF/NA=","FfejbCEqEaHWeI35Bfu1jcw0lC7yy60tTktdS9tKSa8="],"block_size":4096,"path":"content.js"},{"block_hashes":["fM35l8QZiI0T1VkXXdprS0CLeVwMaf0alepuLiQWUsQ="],"block_size":4096,"path":"embed.js"},{"block_hashes":["17d1A6/rrvoJTgBfZS2VQPvUdbjlSaZiPVpWujnzb+4=","uHe8RrQw6oOmT3oozv3nmLe9SV2cynrqKPsONh6/4hM=","rzVXaYgP4fP94D2Ew/G88LgLNecU3aqrNrOYqK6YqWQ="],"block_size":4096,"path":"i18n.css"},{"block_hashes":["gyvRvnPR0Cr1riyzRc94QGnlkNGK4HTXYasAuIlxtN8=","D5mVuk6q/T615OK9sf9WJpyECX2mvmuZ/bgb4Jr86T4=","DWQglymjM7NLEXO1kMIjvRUf9I4AwNt5Fpnuc61kybM=","KkUfuUG72ehS8G6ubKvpAxMx/AvobFAHameae2+quqg=","w3BtzUErTDEYLvVp7gBqFn4sdDkJ6HEYHLhljp6y3S8=","cAD1Tykqwq49YgTfzLw2k8ac7R15dSus8ZTLOiXtlrQ=","8a2KgeyV1cCEjGUgsqbUQo6cV4EJAXePg8m8J3J4YSs=","cALKi99ESl04WPO7FH5DdvmOBr3V3WJhJ2N8Bxj2nqs=","vowAkihOQ/3rqokP3DqeNubd58W2b/TZMbaMV4gsF0g=","dHekzz1vx+pMghMRMAF9IBfzbSBopAWf2qVRo6AXkf0=","aTa8aEeAJVhfZu0/bWu6LJnRwYUqtvu0ixz6cajOFdw=","EA4x/E4BudfcSfZ6cTdX2eD17EJHXNI3pFl7jaaCTs0=","dbHwDky14pw60K3ogw4j33FPX25e3wBSvl0HQlrst2o=","agt77IpkAs1+OpDzqMpEwxsISJ5Vh3Cn0bikvTA7EGE="],"block_size":4096,"path":"i18n.html"},{"block_hashes":["TNgEy8bZ4bSDWulrFHkLcxvdduEiWrnOZ8n7x601ZDQ=","QojZWBiyk9EpUrazTBw3cpwcIzS5Pon8y46QYb5ySfM="],"block_size":4096,"path":"i18n.js"},{"block_hashes":["XrVwP5VF/eadUdTcCAIE4/IKBBD+FPwSCnsmAnm43xk="],"block_size":4096,"path":"idle.js"},{"block_hashes":["h48JECnG6CePo5nBGaC9SJ/MVzUsT+yfJAGbzODldaQ="],"block_size":4096,"path":"init.js"},{"block_hashes":["58o5D8ZKAW1qj3pbRD4iWqLL6AtQUvocpQN9dtYZrZ8=","YgEJdJ09LPv4Ft7XnDIUafcisnDom7YSwEIv6tYkwvU="],"block_size":4096,"path":"license.txt"},{"block_hashes":["0/+anIvJnLPMWNuj1qjDq4V7lnCxLgjt+ZPtwElOEnI=","+agyZ1aWSnCUJicqZ1brRPhObpK4eETohYlQHui27tw="],"block_size":4096,"path":"live-chat.js"},{"block_hashes":["Iuv2y2sR8+IB6Qns3SvyvSGzHJkhW5NjlLWaiI5x5Uw=","4XrZDcHcAVTHEYDkcF6a78Pd7fpfGX9KfCE2X22JnLc=","Q60002kJNzpXO0B3hn8MZ9KHVDFDQbnkxwVC0vQN2SI=","MzdbADAqS62lCP5/2opHohwbvtHdF79OGlLj4P65zgU=","0ZkUzApaHXPUbcc7p17hov9WPxRWmqCwjpo9vbwzGRs="],"block_size":4096,"path":"options.css"},{"block_hashes":["8EuhrToSUlwPsDICtZJTW9lVEaQ/ySwawoSkvolQb08=","r2jzkQXNaKZeu/ywPQxUaFdoYrfIA8UKVeJuMN4TyQE=","88ITBxQnzzhpVRE0Dzs0gY74Co4FJ0C0VLKwS2ZzqAQ=","5x2h0xHlpIs9KqP8Z4uP0mOXgfLJKO67tR6XAWFxXJc=","3DKhoi6cGfjh4kmz2GukUrS7xqNH22sFs5UyO0nb4Uw=","Uh4V5b3woRib1LzUBaLeVRRWTImfZkvuDcd62fQAoFQ=","VHjZi8EzxUc+VnhTXSojsZFhbPlKQ/6X/Uz2abgXt5M=","vbZ8AQQ6mZahi/Vs5mZ0ophucNwqCabAFO1vSlsf8zw=","plTuW+My0bRvt1v2zKwPLgmIzh/5rvCU0MGn98L2jck=","JqDmKY3VySGd7V5sxfH7jiuJhr7SeyIcX+8c2VNuUeA=","/eCuJOLmY63qPfVDjs/DGHgaqbc1Atx7fdASOV4kimo=","ZnbnGaDToqqr9ekwpNVihK7ujEEgdiAZBmvc5N6c1qc=","qhAh6C/vQXo5tr5gmtxNt2tDZ1RK3xznUvicOWHoZSk=","lkqcXrb11mge62Y6dxpheX92jfZcPlWZdQT/0JORJp4=","dHnJ3Gn5/EYIsZOepKDaFNYRiq4TaLRXs7GhRdj6PnU="],"block_size":4096,"path":"options.html"},{"block_hashes":["ggb5LvqrRkKsls1bME8oDI9vFCtHf9G5F3zKhKvoPA8=","fkAiDsAvtd4F9IqbfgQgS8FAn53v2bofpc83ahehWGk=","DX9DwWRYl0Qw6ZHFqCMNcC73/Kw+xZGx9Ww5VLEkwpw=","cvPK4RYWBHaXrIE/c9+R7UMM/0owlIDqmQ7j4ppbs+o=","0JqY+DXVixkiC2ag6A90yAfh6KNyCTQpfvVb9jgYaaw=","Xp9U/pMihskIeFdjJ0RNsrKo3i3d3mU7aRP8kG0ookc="],"block_size":4096,"path":"options.js"},{"block_hashes":["eDIUyxDiMzQs7ZtVSA6DZS+9oH5/eURWnB8B6wS18CA="],"block_size":4096,"path":"pop-up-player.css"},{"block_hashes":["Ig0Gygy8YFh509UOSLXyWJ89nW7O6bsi2Zc5rSjvdXQ="],"block_size":4096,"path":"pop-up-player.js"},{"block_hashes":["bqtwAl9D8nO+Awo+mbSghoDicl+idKNscv+wmcLh7Vw=","9Jc3bv8uqzN3jYxGsXzO57rh1FrH3iwzMJPoz0okAKQ="],"block_size":4096,"path":"resources/vendor/themes/images/youtube-deep-dark/404.png"},{"block_hashes":["JTj40UIuARHegzYe5v8BOOD9J9YHxWElRa/2ne88AAg=","IDAmJZPS0yk2nC/HatFNR4WwfDo+RfRc5q6RC3T8Kb4=","Q4BqZ3jt+2hSYVbOCyWlP44kXAZ8ZW3NvJ5Sp2HGMUc=","wL+qRVZqQxZLNWRzyhaiLZps93Fh1pWKBj3yR65ab/c="],"block_size":4096,"path":"resources/vendor/themes/images/youtube-deep-dark/IconSponsorBlocker256px.png"},{"block_hashes":["4Fj1nMPlx/n+T+dwUlk1LbbjLp9A34v1RW/Yjz9wVNo="],"block_size":4096,"path":"resources/vendor/themes/images/youtube-deep-dark/large_play_button_ringo-vfljWXIdx.png"},{"block_hashes":["g2UN6foHGgyYh2DKs338SAdGilie57ePkSagTTk48LM="],"block_size":4096,"path":"resources/vendor/themes/youtube-deep-dark-9anime.css"},{"block_hashes":["PzpWNu1znLIoOvQD8BatHAaIYFQ1xigItYXJfyT5Lgc="],"block_size":4096,"path":"resources/vendor/themes/youtube-deep-dark-arc-dark.css"},{"block_hashes":["R4y/oaxdvoGHoQ9WG5y+bgNNOS8iwZnDxLHy8qsHBO4="],"block_size":4096,"path":"resources/vendor/themes/youtube-deep-dark-discord.css"},{"block_hashes":["Lx97Cun/uMPEiAncxVCRHezvnAA5AP0nxJcPV0W+El0="],"block_size":4096,"path":"resources/vendor/themes/youtube-deep-dark-firefox-alpenglow-dark.css"},{"block_hashes":["A5Bjli8tA8Jmk24qi/HyiS+O8p8q8UR6Opfsz3pp11Q="],"block_size":4096,"path":"resources/vendor/themes/youtube-deep-dark-firefox-dark.css"},{"block_hashes":["qrVIpGtgjOBAUYuPltCAjkycBBHdsPZGnvQ3b9cBL7Y="],"block_size":4096,"path":"resources/vendor/themes/youtube-deep-dark-firefox-quantum-dark.css"},{"block_hashes":["b/vSWilCrfdBakYWks3uVxYrqG6B6JHyHWHD8Zp7oXU="],"block_size":4096,"path":"resources/vendor/themes/youtube-deep-dark-green.css"},{"block_hashes":["scFcW3yPmyQ+ExQ6FrF20II2n3h4DLb38+K9d5YbHNg="],"block_size":4096,"path":"resources/vendor/themes/youtube-deep-dark-kde.css"},{"block_hashes":["eU2HhcJK9+RkktqsLMx2bvcLXIUlf0HOB9nLu8vNCDQ="],"block_size":4096,"path":"resources/vendor/themes/youtube-deep-dark-mint-y-dark.css"},{"block_hashes":["cRE4gqLsXMD8Hrno+6myXNegPz6pyckPhbHufaCo0ns="],"block_size":4096,"path":"resources/vendor/themes/youtube-deep-dark-orange.css"},{"block_hashes":["Gn4wrJbfc1gJwztfNrjtRTSMI8wVVQOm4QYWIA1bBpo="],"block_size":4096,"path":"resources/vendor/themes/youtube-deep-dark-pink.css"},{"block_hashes":["2Kurwn4+00yiNQ5rlZFWTKD3VOt8e22AmxWjb9xMIKY="],"block_size":4096,"path":"resources/vendor/themes/youtube-deep-dark-purple.css"},{"block_hashes":["+ZGp936POLzPhk8i9nUkMJd3rnMAXxIkBedZzIsDdlM="],"block_size":4096,"path":"resources/vendor/themes/youtube-deep-dark-ubuntu-grey.css"},{"block_hashes":["45NhrrA/b5i8GrrUH741X0DgoHR82rOjk5I8wE7JIls="],"block_size":4096,"path":"resources/vendor/themes/youtube-deep-dark-ubuntu-purple.css"},{"block_hashes":["1NVnbeqbKX6vxz+E4VxzI1/ZXevagsnV7wXoG7xB7c8="],"block_size":4096,"path":"resources/vendor/themes/youtube-deep-dark-vertex-dark.css"},{"block_hashes":["JY+dFYqHm6y2oJ4uhQ8sPfwhFqpjTUnfOn6EKHu6Cp4="],"block_size":4096,"path":"resources/vendor/themes/youtube-deep-dark-yellow.css"},{"block_hashes":["wEVcKQXqvq92zRt8DXmWEtIvjbQy+L06RSY5kbRcXiQ="],"block_size":4096,"path":"resources/vendor/themes/youtube-deep-dark-youtube-dark.css"},{"block_hashes":["28XDsltfR4LcxwZO2hkmRgz/OIMPpeX2qfzD3LuUHMo="],"block_size":4096,"path":"resources/vendor/themes/youtube-deep-dark.css"},{"block_hashes":["//uOiCPrknfvsHCf2ZiwNH1Sz4a965t5f7ZGCTuu3xY=","+0nEwxfDat5D7z+nCnvzJtKWjrqN0IfUBByF7yhlKEc=","M/rAvtWQarjT833La06kdvBaJRjFptKCBqVgJWhCqb4=","fDp0Wlstm0KexJZjVPK/iz7XtvN47C6i5EgKtGltjkw=","5qrLa7xRnsqeVO7nvq9fN0UZGwBU61vDC2N76pdSIao=","SqTjR+LM8FwT4WUZFPJLIL++hPupqrPkTC/QH2yTbhk=","p8ktI8cpOpVnUHFgd6jeIoSIeCFYC4sl2dQOKRX3FBQ=","yrhmvKXEgMkr9rQbUo42LmK5Qzjulv2G4mG0zx8Ggp8=","iUEdZCw8HTdnO1igvYiqT9YEVSPyzmrtIrLJ+MxlOk0=","W+QX2hLvxTl1TkPEp1JxZWttCqYUdViEQZwHeJg3cTg=","hbYq4WQE8ShQDTEH+o0ToWeYIIHPVnZtepcV5t45z/s=","l4jg1u8BHkCIILAZt5UQq5tEj+TjSKuoUzRhNdzoESs=","IeWk6ud0NmuvA44gg6knsWtQHsWpKc+3m6qqHFtt0rw=","WkSx6II7f5Z9k9dz3G6vFpogCYOPzkLfWvh55DFJ4No=","A84nm7t0nJ18JLQjUgwVFAlTi2GjttabwVikSCI5inE=","nP0WEDSrPq5uok096K1ySU5SDzW5Pf6MlfDsNF3TRVk=","hyv9fu35WTUo+OP+VMY9afHP8cLtQXKE/NYsQ58FsgQ=","QVfPbE3QXSvDwqQUua4lJNC+HiJp/7mpqDNluE32HE8=","73ndZjEc158jkUfd6l8dn800UAQ21+Wt8BvbemUPNbI=","6glyABu3dcZBoWf59nfkIeoGDnt+QEVzjCL8s4DqpcY=","byF+MWvyzyK4ErZE9PbfHeMGTwX7FAWO37OnDfJchXg=","qnFKIymMH6TVKo9eiXSsJd2FKyc0AwYuS2yc1fk3G4c=","otqpf73gr83ciZy6twajltTldJ/y8TUNoJ6qtqfVCtI=","np5DVjCcOsA/Hr5zC5s5cA6W5eg7HJ5W/l6Qm2wnZUU=","hSouX4AYtyiyztRC2j/h18h1F8qF1h2TdQXx+Use0k4=","la1LbucWYXfWKFpIe/ww2iN1ZtJtp/RhLf4M+/drjDs="],"block_size":4096,"path":"resources/vendor/themes/youtube-deep-dark.material.css"},{"block_hashes":["ne4WyVYTx9wLCAg2+5lzwNTkCw62XsQX/fwrrj59Nbg=","p1CHPsnwBH0MFP00nojz+6dIyl/WlmompOc3sb4y6nM="],"block_size":4096,"path":"resources/youtube-embed.js"},{"block_hashes":["BXU+BHcNaoU3d/kBOWPWv5I2b+8/LXi/tVfQZxk+Y7g="],"block_size":4096,"path":"resources/youtube-live-chat.js"},{"block_hashes":["2qYEV5LAO0Dvf0rH1X+kngDLcGR4P5dMo9gOmsdVSns=","epVyhGnO6Ae4GD6MXGVeMqIfkIME2AUYSG1EUBV70jI=","5wEa0cXfzUC8iMqjWUvpN4FZoevV9MkPMidnzlH2Rpk=","GyVOXm+81A81YAe8UVCTibpqflW5HTw26NKzA0SNUC0=","m5e9qwmN2UYVNlmaEOLwG/GvuufJqVu28c6ptHRO0t0=","u7sfeNsA0SrPzGFlfTZaUvPwAI5j0pRiwdsgY260yfs=","nlDWXpIex2OxTNngRFph08GU0d8KfAwgRyI66Rx2+8I=","0nYD7D3XNXyVaQ6H0kzwExMo3YEDcN4jgfKRAkoLXts=","z+r5Dzaok7zaJ6M/qqjohcTvsCKOj4FDg4vanEb/Zm8=","rNkcCM+n6Rwv24CEhOqSH6BgekKXHPozp00Arhop3mc=","UkDHmWQl5Qalop7eFqqNUTPMcG2d4FNy5xX/E6YuuHo=","ZS0lpW3TQX5HwCBWe4ha1UwVU5tAql7/tFHiW/fuqyI=","NubiLHVp+3nKMSehymAgvrLlsCBl81ipG4iYW8Ozm18=","HheOr2lKwReJiXQgYllFtmD4+NDQTSSPjtINq96DI+U="],"block_size":4096,"path":"resources/youtube-polymer.css"},{"block_hashes":["Rfh+R5QLksJOAmZY1MjGFBsYIjcxViy8jO7lV0rX8y8=","6YLP7hFxny7Xzgd8jBHxYGSljxXN6eH5b+UB8I66Mdw=","TcFN6b+TkEwhKdcRvZapFuDd4YQ9Kqhy1FY4twE1xDU=","bKioTEbNdmtYid46tG1jqdVZUzCiqRlcz1E4oybKwnA=","Y7KTlc6O/85WKXUGSv5YzLA3rcKMQOYgkIz2CCZP0LQ=","RMvHudmliz1O+R1JFHxdpm8d1CnqASXBYHP0wEjv9Ls=","EQ/94p0MxzTnOvi0M2OfICbLUvQEX2u81MiCnFf/Bio=","nRWGrS/jwXZEslCUK1dRv8xJWKOigT/xeERnLljlG18=","AAPCc2+L2gwCUDTo7JSEWxkPCDhgs4iBCXUC/zDdoEE=","PT4GJTK965FiaRMJqSBjJZQBKoBSN0zxugVfE6VTKMY=","KiUQR1QHXUUvFYZdSV5we8MrdV4LisuHWwY8IREZxYI=","wjIWT0peWgL/ydxMp2nCD42Od0QvpnpcDzlUFA9KZcY=","/IsUF61UX+HWKvTA2po91AehaSlTGSDXf7OLBRih6mw=","GJOe8dG3kOXcU48qEleSwf+LGydEiK0DW9iSdOJ9l00=","rHmD04SxcvQyigkU1MZL9OoID2XibZ2ZwWmh+ivQkeo=","vnom+4uUFQ6fzOHeFy4oTlu6H2Xy5rNeEG1cnKdina0=","HVxWw3s2GHpJmNN7L+fYoc1xZyt7/dwbBYSS5Atxsh0=","EjSB7fC9s0xOgbi4uf2Z4sQvKOkSKpdO9PX8uvv5A9E=","KD41bYb4+w/jac9dUToxSt2lnxPO1Tv41gkGNr50Syk=","cOptQ/Va+lxuL4rFGgDGbOYnty1LDD4+LJK+Db57cd8=","q+RDO6JchkpXLT2McylwPwje+pDBHncXfBBcMvWJ4Qg=","laH+/592t42AeAmHXbozwERr6hjUvP0S4fT2mamxDug=","NFOwz6/ncLYhp1tUXR0lTV5baoScsM+5ylgXKBTP2Kc=","gfuTETpxKpewLc+EoHSgGiLMJs8zzleUFv735rMZ13E="],"block_size":4096,"path":"resources/youtube-polymer.js"},{"block_hashes":["CDowNMzq6A2Aon9ELYdsuFBWnEaWYJkdsil2/Pb1NdU=","seNpvoXofqc6imglfY7dK7i+9zA1tS4walp8Jl3/W4c="],"block_size":4096,"path":"resources/youtube-pop-up-player.js"},{"block_hashes":["k9gI4kGS5Z9UIHFQznfa4pX3+0YhYLYTzs8kc3yeTbg=","eZFo4u/YzSAq0KWooSYohi8u60P3v+XVFH70sb7ZbRE=","tJ64NsdmuPPhIspyjz7uQQI8IwEsx38zVXmumqVMQ7A="],"block_size":4096,"path":"resources/youtube-start.js"},{"block_hashes":["hKR5LRX1lGhW54W/97xm4CQ6zBWwFkm6qKGV37SNo+s="],"block_size":4096,"path":"resources/yt-player.png"},{"block_hashes":["PvwNybl2fPaHioAR8TEwn/FQRkOzpaSDc9HoxpdFy9o=","/qyjE81gr9rMh7DzmD3RYwyNLMibRSMlX39Kjs3NRdc=","a/q+QA2cakfxX2A9Xl22rNwA/mP24wU0cPTIOL7MGmg=","rlFV90GOFH8QBYw+Wmwj0LftlhfWzueUg0x12zuFtyU="],"block_size":4096,"path":"resources/yt-watch-page.png"},{"block_hashes":["byGFUBDHQHPZVAThA7JBTV5EJW//+JIjQWMIDh9MfsM="],"block_size":4096,"path":"shorts.js"},{"block_hashes":["+tUa2MgwMDNER6z7rzzs4kDrdaZz+ZQapGzdKw+boxE="],"block_size":4096,"path":"start.js"},{"block_hashes":["Zua29cr1IkvTd2O2+sViRjsUPj8dePBKayCBjjN5DaM=","yXlmfESpiGlzfcLlmOm5gdTNuQF0eugEhSdzuD5+QTc="],"block_size":4096,"path":"whats-new.css"},{"block_hashes":["exomV1qZ7Vz2eheOb3UpevU7jjPGemaBume++dZdCQo=","NSzK5NWRYN1brEMcvUG3UQY9RYjMO+0WUDq3cvsuOUU=","3jW+45YXzeLOohmKADHhOgO1k7KObgkmxerhj5zIpMA="],"block_size":4096,"path":"whats-new.html"},{"block_hashes":["rquElUpsxEwR/5Bjg7ydZSLddMtgFtJTeL/tN9bj9SM="],"block_size":4096,"path":"whats-new.js"}],"version":2}